<?xml version="1.0" encoding="UTF-8"?>
<project-private xmlns="http://www.netbeans.org/ns/project-private/1">
    <editor-bookmarks xmlns="http://www.netbeans.org/ns/editor-bookmarks/2" lastBookmarkId="0"/>
    <open-files xmlns="http://www.netbeans.org/ns/projectui-open-files/2">
        <group>
            <file>file:/Users/elcap/Desktop/Netbeans/RecipesTest_Kamil/web/part-menu.jsp</file>
            <file>file:/Users/elcap/Desktop/Netbeans/RecipesTest_Kamil/web/nowy-przepis.jsp</file>
            <file>file:/Users/elcap/Desktop/Netbeans/RecipesTest_Kamil/web/part-newsletter.jsp</file>
            <file>file:/Users/elcap/Desktop/Netbeans/RecipesTest_Kamil/web/dodaj-przepis.jsp</file>
            <file>file:/Users/elcap/Desktop/Netbeans/RecipesTest_Kamil/web/moje-przepisy.jsp</file>
        </group>
    </open-files>
</project-private>
