<?xml version="1.0" encoding="UTF-8"?>
<project-private xmlns="http://www.netbeans.org/ns/project-private/1">
    <editor-bookmarks xmlns="http://www.netbeans.org/ns/editor-bookmarks/2" lastBookmarkId="0"/>
    <open-files xmlns="http://www.netbeans.org/ns/projectui-open-files/2">
        <group>
            <file>file:/Users/elcap/Desktop/Netbeans/Recipes_20_05/web/wyloguj.jsp</file>
            <file>file:/Users/elcap/Desktop/Netbeans/Recipes_20_05/web/searcher.jsp</file>
            <file>file:/Users/elcap/Desktop/Netbeans/Recipes_20_05/web/part-menu.jsp</file>
            <file>file:/Users/elcap/Desktop/Netbeans/Recipes_20_05/web/main.jsp</file>
        </group>
    </open-files>
</project-private>
