<?xml version="1.0" encoding="UTF-8"?>
<project-private xmlns="http://www.netbeans.org/ns/project-private/1">
    <editor-bookmarks xmlns="http://www.netbeans.org/ns/editor-bookmarks/2" lastBookmarkId="0"/>
    <open-files xmlns="http://www.netbeans.org/ns/projectui-open-files/2">
        <group>
            <file>file:/Users/elcap/Desktop/KAMIL28MAJ_COMMENT_WORKS%202/web/dodaj-przepis.jsp</file>
            <file>file:/Users/elcap/Desktop/KAMIL28MAJ_COMMENT_WORKS%202/web/przepis.jsp</file>
            <file>file:/Users/elcap/Desktop/KAMIL28MAJ_COMMENT_WORKS%202/web/add_favourite.jsp</file>
            <file>file:/Users/elcap/Desktop/KAMIL28MAJ_COMMENT_WORKS%202/web/moje-przepisy.jsp</file>
            <file>file:/Users/elcap/Desktop/KAMIL28MAJ_COMMENT_WORKS%202/web/nowy-przepis.jsp</file>
            <file>file:/Users/elcap/Desktop/KAMIL28MAJ_COMMENT_WORKS%202/web/part_user.jsp</file>
            <file>file:/Users/elcap/Desktop/KAMIL28MAJ_COMMENT_WORKS%202/web/main.jsp</file>
            <file>file:/Users/elcap/Desktop/KAMIL28MAJ_COMMENT_WORKS%202/web/account.jsp</file>
            <file>file:/Users/elcap/Desktop/KAMIL28MAJ_COMMENT_WORKS%202/web/part-footer.jsp</file>
            <file>file:/Users/elcap/Desktop/KAMIL28MAJ_COMMENT_WORKS%202/web/kategoria.jsp</file>
        </group>
    </open-files>
</project-private>
